Metric,Single Doctor,Two Doctors
Utilization,0.6666666666666666,0.3333333333333333
Avg Queue Length,1.333333333333333,0.1764705882352941
Avg Wait Time (hours),0.011111111111111108,0.0014705882352941174
