{
    "statistics": {
        "mean_a": 15.9,
        "mean_b": 19.9,
        "std_a": 1.1972189997378646,
        "std_b": 1.1972189997378646
    },
    "t_statistic": -7.470873676376281,
    "p_value": 6.403430337523795e-07
}